,Date,Subreddit,Tag,Classifier,Dictionary_Tag
0,2020-10-11,dividends,Neutral,0.644,0.0
1,2020-10-11,Forex,Negative,0.836,0.0
2,2020-10-11,Forex,Negative,0.99,0.5
3,2020-10-11,Forex,Negative,0.942,0.0
4,2020-10-11,investing,Negative,0.917,0.5
5,2020-10-11,investing,Positive,0.458,0.5
6,2020-10-11,investing,Positive,0.922,0.5
7,2020-10-12,RobinHood,Positive,0.984,1.0
8,2020-10-12,RobinHood,Negative,0.561,1.0
9,2020-10-11,RobinHood,Negative,0.897,0.3333333333333333
10,2020-10-12,RobinHood,Positive,0.554,0.5
11,2020-10-11,StockMarket,Positive,0.918,0.5
12,2020-10-12,StockMarket,Positive,0.804,1.0
13,2020-10-11,stocks,Negative,0.619,0.5
14,2020-10-13,stocks,Neutral,0.676,0.0
15,2020-10-11,stocks,Neutral,0.509,0.0
16,2020-10-11,stocks,Neutral,0.617,0.5
17,2020-10-11,stocks,Negative,0.628,0.5
18,2020-10-11,stocks,Negative,0.481,1.0
19,2020-10-11,wallstreetbets,Positive,0.86,0.0
20,2020-10-16,wallstreetbets,Negative,0.498,1.0
21,2020-10-12,wallstreetbets,Negative,0.782,0.5
22,2020-10-11,wallstreetbets,Positive,0.457,1.0
23,2020-10-11,wallstreetbets,Positive,0.705,1.0
24,2020-10-12,wallstreetbets,Neutral,0.66,0.5
25,2020-10-11,wallstreetbets,Neutral,0.8,0.0
26,2020-10-11,wallstreetbets,Neutral,0.754,0.5
27,2020-10-11,wallstreetbets,Neutral,0.682,0.5
28,2020-10-11,wallstreetbets,Negative,0.546,0.4
29,2020-10-11,wallstreetbets,Negative,0.764,0.5
30,2020-10-11,wallstreetbets,Positive,0.552,0.5
31,2020-10-11,wallstreetbets,Negative,0.78,0.5
32,2020-10-11,wallstreetbets,Neutral,0.733,1.0
33,2020-10-11,wallstreetbets,Neutral,0.83,0.5
34,2020-10-11,wallstreetbets,Negative,0.529,0.5
35,2020-10-13,algotrading,Neutral,0.965,0.5
36,2020-10-13,finance,Negative,0.987,0.5
37,2020-10-14,finance,Negative,0.857,0.5555555555555556
38,2020-10-14,finance,Negative,0.85,0.6
39,2020-10-14,finance,Negative,0.617,0.5714285714285714
40,2020-10-17,options,Negative,0.558,1.0
41,2020-10-12,options,Negative,0.819,1.0
42,2020-10-12,options,Neutral,0.61,0.0
43,2020-10-12,StockMarket,Positive,0.816,1.0
44,2020-10-12,StockMarket,Negative,0.821,1.0
45,2020-10-12,StockMarket,Negative,0.94,0.5
46,2020-10-13,StockMarket,Negative,0.676,0.5
47,2020-10-13,StockMarket,Neutral,0.533,0.5
48,2020-10-12,StockMarket,Positive,0.576,0.3333333333333333
49,2020-10-12,StockMarket,Positive,0.475,1.0
50,2020-10-12,stocks,Positive,0.983,0.5
51,2020-10-12,stocks,Negative,0.863,0.5
52,2020-10-12,stocks,Positive,0.773,1.0
53,2020-10-12,stocks,Negative,0.766,0.75
54,2020-10-12,stocks,Neutral,0.77,0.5
55,2020-10-13,trading212,Negative,0.705,0.5
56,2020-10-12,trading212,Positive,0.903,0.0
57,2020-10-12,trading212,Negative,0.665,0.6666666666666666
58,2020-10-12,wallstreetbets,Neutral,0.718,1.0
59,2020-10-13,finance,Negative,0.62,0.0
60,2020-10-13,investing,Positive,0.854,1.0
61,2020-10-13,investing,Negative,0.534,0.5
62,2020-10-13,investing,Positive,0.941,0.5
63,2020-10-13,investing,Negative,0.923,1.0
64,2020-10-14,options,Negative,0.609,0.5
65,2020-10-14,options,Neutral,0.638,0.5
66,2020-10-13,options,Negative,0.83,0.5
67,2020-10-13,options,Negative,0.549,1.0
68,2020-10-13,options,Negative,0.675,0.5
69,2020-10-13,options,Negative,0.718,0.0
70,2020-10-13,StockMarket,Negative,0.892,0.3333333333333333
71,2020-10-13,StockMarket,Neutral,0.618,0.0
72,2020-10-14,StockMarket,Negative,0.863,1.0
73,2020-10-13,StockMarket,Positive,0.919,0.5
74,2020-10-13,StockMarket,Negative,0.97,0.5
75,2020-10-13,StockMarket,Neutral,0.888,0.0
76,2020-10-13,StockMarket,Negative,0.556,0.0
77,2020-10-13,StockMarket,Negative,0.925,0.5
78,2020-10-13,StockMarket,Neutral,0.766,0.5
79,2020-10-14,StockMarket,Positive,0.788,0.5
80,2020-10-13,StockMarket,Negative,0.558,0.5
81,2020-10-13,StockMarket,Negative,0.544,0.0
82,2020-10-13,StockMarket,Neutral,0.804,0.0
83,2020-10-13,StockMarket,Positive,0.535,0.5
84,2020-10-13,StockMarket,Negative,0.984,0.5
85,2020-10-13,stocks,Positive,0.712,0.5
86,2020-10-13,stocks,Positive,0.818,0.5
87,2020-10-13,stocks,Positive,0.717,0.5
88,2020-10-13,stocks,Negative,0.935,1.0
89,2020-10-13,stocks,Negative,0.999,0.75
90,2020-10-13,stocks,Negative,0.944,0.5
91,2020-10-14,stocks,Negative,0.568,0.0
92,2020-10-13,stocks,Neutral,0.706,1.0
93,2020-10-13,stocks,Neutral,0.852,0.6
94,2020-10-13,stocks,Negative,0.559,0.5
95,2020-10-14,stocks,Negative,0.944,0.3333333333333333
96,2020-10-13,stocks,Neutral,0.544,0.0
97,2020-10-13,stocks,Negative,0.848,0.5
98,2020-10-13,stocks,Negative,0.426,1.0
99,2020-10-13,stocks,Negative,0.684,0.0
100,2020-10-13,stocks,Negative,0.967,0.5
101,2020-10-13,stocks,Negative,0.82,0.0
102,2020-10-14,stocks,Positive,0.613,0.5
103,2020-10-13,stocks,Neutral,0.752,0.0
104,2020-10-13,stocks,Negative,0.865,0.5
105,2020-10-14,stocks,Negative,0.508,1.0
106,2020-10-13,stocks,Negative,0.907,1.0
107,2020-10-13,stocks,Neutral,0.443,1.0
108,2020-10-13,stocks,Neutral,0.379,0.5
109,2020-10-14,stocks,Neutral,0.659,0.0
110,2020-10-13,stocks,Neutral,0.542,0.5
111,2020-10-13,stocks,Negative,0.853,0.0
112,2020-10-13,stocks,Positive,0.475,0.5
113,2020-10-13,stocks,Neutral,0.551,0.5
114,2020-10-14,stocks,Negative,0.89,0.3333333333333333
115,2020-10-13,stocks,Negative,0.87,0.3333333333333333
116,2020-10-13,stocks,Negative,0.956,0.5
117,2020-10-13,stocks,Negative,0.822,1.0
118,2020-10-14,stocks,Negative,0.915,1.0
119,2020-10-13,stocks,Neutral,0.908,0.5
120,2020-10-13,stocks,Positive,0.389,0.5
121,2020-10-13,stocks,Positive,0.8,0.5
122,2020-10-13,stocks,Neutral,0.906,0.0
123,2020-10-13,stocks,Positive,0.654,0.0
124,2020-10-13,stocks,Neutral,0.804,0.0
125,2020-10-13,stocks,Negative,0.937,1.0
126,2020-10-13,trading212,Negative,0.535,0.5
127,2020-10-13,trading212,Negative,0.801,0.5
128,2020-10-13,trading212,Neutral,0.563,0.5
129,2020-10-13,wallstreetbets,Negative,0.508,1.0
130,2020-10-14,wallstreetbets,Positive,0.813,1.0
131,2020-10-13,wallstreetbets,Neutral,0.801,0.0
132,2020-10-13,wallstreetbets,Negative,0.986,0.5
133,2020-10-13,wallstreetbets,Positive,0.767,0.5
134,2020-10-13,Webull,Negative,0.932,0.4
135,2020-10-15,algotrading,Neutral,0.497,0.3333333333333333
136,2020-10-15,dividends,Negative,0.506,0.5
137,2020-10-14,Forex,Negative,0.751,0.6666666666666666
138,2020-10-14,investing,Negative,0.815,1.0
139,2020-10-14,investing,Negative,0.561,0.5
140,2020-10-14,investing,Negative,0.898,0.5
141,2020-10-14,investing,Negative,0.534,0.5
142,2020-10-14,StockMarket,Neutral,0.615,0.5
143,2020-10-15,investing,Negative,0.703,1.0
144,2020-10-16,RobinHood,Negative,0.841,1.0
145,2020-10-15,SecurityAnalysis,Negative,0.627,0.6666666666666666
146,2020-10-15,StockMarket,Negative,0.449,0.0
147,2020-10-15,StockMarket,Positive,0.99,1.0
148,2020-10-15,StockMarket,Negative,0.739,0.0
149,2020-10-15,stocks,Negative,0.697,0.6666666666666666
150,2020-10-15,stocks,Negative,0.968,0.5
151,2020-10-15,stocks,Negative,0.994,0.3333333333333333
152,2020-10-16,trading212,Positive,0.975,0.0
153,2020-10-15,wallstreetbets,Negative,0.88,0.5
154,2020-10-15,Webull,Neutral,0.562,1.0
